{"cameraMode":{"drawMode":0,"name":"Shaded","section":"Shading Mode"},"sceneLighting":false,"audioPlay":false,"sceneViewState":{"showFog":true,"showMaterialUpdate":false,"showSkybox":false,"showFlares":true,"showImageEffects":true,"showParticleSystems":true},"in2DMode":false,"pivot":{"x":-2179.08203125,"y":390.32183837890627,"z":-315.25640869140627},"rotation":{"x":-0.09326314926147461,"y":0.5026569962501526,"z":-0.05465665087103844,"w":-0.8577072024345398},"size":44.630027770996097,"orthographic":false}