{"cameraMode":{"drawMode":0,"name":"Shaded","section":"Shading Mode"},"sceneLighting":true,"audioPlay":false,"sceneViewState":{"showFog":true,"showMaterialUpdate":false,"showSkybox":true,"showFlares":true,"showImageEffects":true,"showParticleSystems":true},"in2DMode":false,"pivot":{"x":10.443427085876465,"y":16.624191284179689,"z":-14.895047187805176},"rotation":{"x":-0.34121426939964297,"y":0.28607577085494997,"z":-0.10981974005699158,"w":-0.8886624574661255},"size":2.839454174041748,"orthographic":false}