{"cameraMode":{"drawMode":0,"name":"Shaded","section":"Shading Mode"},"sceneLighting":false,"audioPlay":false,"sceneViewState":{"showFog":true,"showMaterialUpdate":false,"showSkybox":false,"showFlares":true,"showImageEffects":true,"showParticleSystems":true},"in2DMode":false,"pivot":{"x":-2955.258056640625,"y":190.0848388671875,"z":246.5128173828125},"rotation":{"x":0.20202797651290894,"y":0.4010888636112213,"z":-0.09116686135530472,"w":0.8888276815414429},"size":1679.1552734375,"orthographic":false}