{"cameraMode":{"drawMode":0,"name":"Shaded","section":"Shading Mode"},"sceneLighting":true,"audioPlay":false,"sceneViewState":{"showFog":true,"showMaterialUpdate":false,"showSkybox":true,"showFlares":true,"showImageEffects":true,"showParticleSystems":true},"in2DMode":false,"pivot":{"x":6944.2236328125,"y":1389.33203125,"z":5545.06591796875},"rotation":{"x":0.17007756233215333,"y":-0.431603342294693,"z":0.0832294225692749,"w":0.88196861743927},"size":5376.8955078125,"orthographic":false}