{"cameraMode":{"drawMode":0,"name":"Shaded","section":"Shading Mode"},"sceneLighting":true,"audioPlay":false,"sceneViewState":{"showFog":true,"showMaterialUpdate":false,"showSkybox":true,"showFlares":true,"showImageEffects":true,"showParticleSystems":true},"in2DMode":false,"pivot":{"x":-404.2767028808594,"y":304.76318359375,"z":7446.1396484375},"rotation":{"x":0.05247604101896286,"y":-0.0006011657533235848,"z":0.000031424548069480807,"w":0.9986256957054138},"size":7574.314453125,"orthographic":false}