{"cameraMode":{"drawMode":0,"name":"Shaded","section":"Shading Mode"},"sceneLighting":false,"audioPlay":false,"sceneViewState":{"showFog":true,"showMaterialUpdate":false,"showSkybox":false,"showFlares":true,"showImageEffects":true,"showParticleSystems":true},"in2DMode":false,"pivot":{"x":7.787998199462891,"y":4.181506633758545,"z":-0.21255439519882203},"rotation":{"x":-0.1349533647298813,"y":0.709694504737854,"z":-0.14150643348693849,"w":-0.6768286824226379},"size":0.8660253882408142,"orthographic":false}